<?xml version="1.0" encoding="UTF-8"?>
<beans xmlns="http://www.springframework.org/schema/beans"
	xmlns:xsi="http://www.w3.org/2001/XMLSchema-instance"
	xmlns:jaxws="http://cxf.apache.org/jaxws"
	xmlns:jaxrs="http://cxf.apache.org/jaxrs"
	xsi:schemaLocation="http://www.springframework.org/schema/beans
	http://www.springframework.org/schema/beans/spring-beans-2.5.xsd
	http://cxf.apache.org/jaxws
	http://cxf.apache.org/schemas/jaxws.xsd
	http://cxf.apache.org/jaxrs
	http://cxf.apache.org/schemas/jaxrs.xsd">
	<import resource="classpath:META-INF/cxf/cxf.xml"/>
	<bean id="Items" class="rest.ItemResource"/>
	<bean id="Test" class="rest.Testaki"/>
	<bean id="Users" class="rest.UserResource"/>
	<bean id="Messages" class="rest.MessagesResource"/>
	<bean id="Bids" class="rest.BidResource"/>
	<jaxrs:server id="base" address="/">	
		<jaxrs:serviceBeans>
			<ref bean="Items"/>
			<ref bean="Test"/>
			<ref bean="Users"/>
			<ref bean="Messages"/>
			<ref bean="Bids"/>
		</jaxrs:serviceBeans>
		<jaxrs:providers>
			<bean class="com.fasterxml.jackson.jaxrs.json.JacksonJsonProvider"/>
		</jaxrs:providers>
	</jaxrs:server>
</beans>